meme,stat_date,bvid,title,author,author_mid,typename,tags,publish_time,duration_seconds,view,danmaku,reply,favorite,relevance_score,matched_terms,search_total
琵琶曲,2026-09-25,BV1gTaM6pEJB,循环歌单丨根本没有这样的枪法【琵琶曲DJ】【雷霆动画の小曲】,若勿忘我_毅心,2098334661,音乐综合,"电台新星征集令,歌单,循环,循环歌单,小曲,枪法,DJ,BGM",2026-09-25 08:09:36,2321,2090163,29,11,34807,0.6,琵琶曲,1000
琵琶曲,2026-09-25,BV1wqhy6yEfA,琵琶曲 l 毛多多VS猪头屠夫,二氧化蛋1221,3546682643974706,汽车生活,"鬼畜,updream,蛋仔惊魂寻宝队,蛋仔奇思妙想计划,蛋仔派对,必剪创作,琵琶曲,抽象",2026-09-25 16:09:35,69,1447168,500,315,19109,0.6,琵琶曲,1000
琵琶曲,2026-09-25,BV1PEag6XEmF,琵琶曲  茵蒂克丝 VS 四姐小羊,4姐小羊,3626348,仿妆cos,"小姐姐,直播,茵蒂克丝,美少女,魔法禁书目录,琵琶曲,主播",2026-09-25 09:41:55,64,867092,273,2751,9312,0.6,琵琶曲,1000
琵琶曲,2026-09-25,BV1V5aT6fE8Z,琵琶曲｜乐美VS老弟（真人版）,小小臭乐美,3493296502475236,演奏,"琵琶曲花式二创挑战,琵琶曲",2026-09-25 01:12:11,126,722837,896,3075,16014,0.6,琵琶曲,1000
琵琶曲,2026-09-25,BV1h7aA6gEcM,“人间琴悠扬 姑娘把谁记心上.”|《琵琶曲dj》1.15x 循环歌单,一支yuuu,523063259,音乐综合,"听歌,开车歌单,古风dj,DJ,电台新星征集令,循环歌单,小曲,琵琶曲",2026-09-25 10:00:00,1896,610329,459,411,14869,0.8,琵琶曲,1000
琵琶曲,2026-09-25,BV1tthy6DEq9,琵琶曲丨钢铁侠 VS 灭霸,快乐阿托,388318096,鬼畜剧场,"漫威英雄集结令,漫威,钢铁侠,KotteAnimation,复仇者联盟4,灭霸,琵琶曲,抽象",2026-09-25 16:17:10,70,487681,337,1140,8964,0.6,琵琶曲,1000
琵琶曲,2026-09-25,BV12dag64Ejg,琵琶曲 |耀嘉音VS伊芙琳,枕边ㅅ,33887729,动画综合,"琵琶曲渲染大赛,耀佳音,绝区零UP主激励计划,琵琶曲,伊芙琳",2026-09-25 09:09:30,91,415233,356,1315,18978,0.8,琵琶曲,1000
琵琶曲,2026-09-25,BV1RZhy6FEFE,琵琶曲⚡小乔vs兰陵王,耀眼小太阳27,1668734282,手机游戏,"王者荣耀,音乐,鬼畜星探企划,ai,MOBA,琵琶曲",2026-09-25 15:10:18,62,396606,100,607,3246,0.6,琵琶曲,1000
琵琶曲,2026-09-25,BV12Gh16SEQV,琵琶曲丨五仁月饼 VS 豆沙月饼,黄花大长虫,291272451,鬼畜剧场,"琵琶曲,月饼,鬼畜,中秋",2026-09-25 13:05:46,62,355072,367,1988,4334,0.6,琵琶曲,1000
琵琶曲,2026-09-25,BV13sh26hED4,琵琶曲 | 夜神月 VS 川上富江,破晓-黎明-晨曦,491388461,同人·手书,"鬼畜星探企划,川上富江,琵琶曲,夜神月,鬼畜",2026-09-25 18:53:21,63,280180,177,557,4551,0.6,琵琶曲,1000
琵琶曲,2026-09-25,BV17Qhy6NE5M,莫宁屁股弹琵琶曲结算动画！今州杯有史以来最变态的嘉宾！花火半仙&amp;解说：不要啊！不要啊！,汤圆四水,503492188,手机游戏,"今州杯,游戏解说,可爱,搞笑,花火半仙,鸣潮创作激励计划,整活,虚拟主播,琵琶曲,抽象",2026-09-25 14:21:03,216,276784,699,411,3273,0.6,琵琶曲,1000
琵琶曲,2026-09-25,BV1S2aM6REnU,琵琶曲 | 资本家 vs 罗斯福,星辰光影_,488488115,单机游戏,"AI,updream,搞笑,历史,鬼畜,鬼畜星探企划,资本家,罗斯福,琵琶曲,抽象",2026-09-25 10:30:00,63,261094,219,882,5090,0.6,琵琶曲,1000
琵琶曲,2026-09-25,BV1siaT6CEWh,琵琶曲| 拉瓦锡vs拉挖稀,普通高一学生,1494321821,日常,"拉挖稀,琵琶曲,化学,搞笑",2026-09-25 00:30:26,30,225315,94,516,4569,0.6,琵琶曲,1000
琵琶曲,2026-09-25,BV1gsh26hEJD,琵琶曲，但是真人版,卑微班草,3546716284390338,日常,"一人分饰多角,现场,真人版,音乐,舞蹈",2026-09-25 18:50:59,81,218584,244,234,1578,0.6,琵琶曲,1000
琵琶曲,2026-09-25,BV1ushy6XEdT,今州杯史上最可爱莫宁琵琶曲结算画面！不看亏爆！嘉宾汤圆四水猛拍屁股引得花火半仙惨叫连连！,汤圆四水,503492188,手机游戏,"今州杯,游戏解说,搞笑,鸣潮创作激励计划,汤圆四水,鸣潮,整活,虚拟主播,莫宁,琵琶曲",2026-09-25 15:30:34,72,215905,542,316,1401,0.6,琵琶曲,1000
琵琶曲,2026-09-25,BV15Zau6TEqD,琵琶曲丨铃兰爹 VS 铃兰妈,承影_chengying,384090534,单机游戏,"明日方舟,updream,铃兰爸,明日方舟创作者应援计划,英格丽,叙拉古,忍冬,琵琶曲,中杯,铃兰",2026-09-25 14:55:00,62,196858,99,440,3227,0.6,琵琶曲,1000
琵琶曲,2026-09-25,BV1Jwhy6BEV2,琵琶曲｜邪恶乒乓球vs原型体,玄影大猫猫,317433807,同人·手书,"邪恶乒乓球,波比的游戏时间,波比游戏时间,Prototype,琵琶曲",2026-09-25 16:35:33,63,193278,195,235,2470,0.6,琵琶曲,1000
琵琶曲,2026-09-25,BV1GthU6TEp9,【琵琶曲】原版,精英无名,3706982852725578,单机游戏,琵琶曲花式二创挑战,2026-09-25 22:15:27,147,190640,324,112,1881,0.6,琵琶曲,1000
琵琶曲,2026-09-25,BV1yRhC6VELt,带着队友唱琵琶曲,柠萌接歌原创,3494381109643486,网络游戏,"安琪拉新皮肤旅行日记,王者荣耀UP主激励计划,王者荣耀,MOBA,搞笑",2026-09-25 17:03:23,80,188040,2,6,2039,0.6,琵琶曲,1000
琵琶曲,2026-09-25,BV1akh16FEdD,琵琶曲(甜瓜版),I我是鲸鱼呀I,3493271638640755,单机游戏,甜瓜游乐场,2026-09-25 21:56:33,68,185933,43,30,515,0.6,琵琶曲,1000
闪身步,2026-09-25,BV1Ycag6NEmc,躲闪摇究极进化闪身步,王七叶-,1813173223,搞笑,"生活记录,学习,校园,原创,闪身步,演我放假时的精神状态",2026-09-25 11:47:14,38,10186631,955,2389,44060,0.6,闪身步,220
闪身步,2026-09-25,BV1rFaT6MEJN,闪身步，但是马保国版教学,伊洛Zero,34305628,鬼畜剧场,"魔性,搞笑,鬼畜,狗熊哆嗦毛,闪身步,鬼畜星探企划,马保国",2026-09-25 10:25:00,61,1376091,551,711,4848,0.6,闪身步,220
闪身步,2026-09-25,BV1Zhag6CEkY,闪身步，吸引游客,官方号情满拉萨吉吉,3493145266359220,汪星人,"可爱,吉祥物",2026-09-25 10:18:24,19,1025318,181,381,1892,0.6,闪身步,220
闪身步,2026-09-25,BV1euaA61Ee3,CS闪身步教学,CSGO国服,48455786,电子竞技,"电子竞技,搞笑,闪身步,整活,教程攻略,沙雕,连招,CS",2026-09-25 18:00:00,45,513744,123,412,4052,0.6,闪身步,220
闪身步,2026-09-25,BV1zmh261E9y,2026/9/24 星期四 晴 《闪身步实用教程》,酱油白米饭原创,304233145,小剧场,"高能,搞笑,原创,搞笑小剧场",2026-09-25 18:04:34,85,368517,211,106,3330,0.6,闪身步,220
闪身步,2026-09-25,BV1m3h16nE8m,咕嘎doro闪身步教学,迦勒底驻场医生罗曼尼,8146185,日常,"狗熊哆嗦毛,闪身步,明日方舟,seko有点儿东西创作者计划,sekoai,明日方舟终末地创作者应援计划,doro,咕嘎,咕咕嘎嘎",2026-09-25 13:07:24,77,336762,77,99,1317,0.6,闪身步,220
闪身步,2026-09-25,BV1gNhm6PE1C,“闪身步”全网爆火，太魔性了！,王班长说了算,3707021939443903,搞笑,"闪身步,社会热点,魔性舞蹈",2026-09-25 18:24:58,49,323064,100,140,264,0.6,闪身步,220
闪身步,2026-09-25,BV1hWh26wE3f,闪身步+狗熊哆嗦毛+浪子踢球原版教学素材,梧瞳细雨,3706969040881680,日常,"搞笑,狗熊哆嗦毛,闪身步,浪子踢球,抽象",2026-09-25 19:08:35,47,126691,37,130,785,0.6,闪身步,220
闪身步,2026-09-25,BV12qhU6cEzL,一分钟教会你闪身步,刀刻特Yao,396995209,健身,"健身,闪身步教学,闪身步,刀刻特Yao,健身跟练上B站,教程攻略",2026-09-25 23:17:03,83,125429,58,81,349,0.6,闪身步,220
闪身步,2026-09-25,BV1ojau6NEW4,《闪身步》原版视频 - #閃身步 #浪子踢球 #狗熊哆嗦毛#搖頭晃腦,流星电影,18996060,影视杂谈,"狗熊哆嗦毛,闪身步,浪子踢球,摇头晃脑",2026-09-25 04:56:29,46,123163,11,2,2235,0.6,闪身步,220
闪身步,2026-09-25,BV1hxhU6BEyg,闪身步……,Elsabelluccii,3707012300933711,亲子,"中国舞,古典舞,舞蹈教程",2026-09-25 22:34:28,25,90857,26,1,261,0.6,闪身步,220
闪身步,2026-09-25,BV19fh26TEtu,闪身步,黑白奶牛皮皮,278520734,搞笑,"鬼畜,战锤40k,帝皇",2026-09-25 18:41:53,11,61353,14,32,253,0.6,闪身步,220
闪身步,2026-09-25,BV17Thy6NEFU,《毒式闪身步》,烦烦小邓,132008828,搞笑,"川渝毒液,双形态女友,川渝女生",2026-09-25 17:31:59,33,61300,7,41,65,0.6,闪身步,220
闪身步,2026-09-25,BV1afhy68Eno,绝妙闪身步,Double豆宝宝,3632319378229906,日常,"美女,闪身步,double豆宝宝,绝妙舞步,豆宝宝",2026-09-25 14:51:02,22,40580,9,35,234,0.6,闪身步,220
闪身步,2026-09-25,BV155hy68Exk,⚡跟唐僧学闪身步2.0⚡,西游群英荟号,513977468,日常,"魔性,高能,西游记,唐僧,搞笑,闪身步,西游群英荟,整活,名场面,抽象",2026-09-25 17:11:56,295,29094,166,23,50,0.8,闪身步,220
闪身步,2026-09-25,BV18mh16dEgC,闪身步与浪子踢球的学习与运用🥰后面有彩蛋哦😘🥰#喜爱度激励计划  #万物皆可闪身步 #万物皆可琵琶曲 #琵琶曲,西梦月520,1556383579,舞蹈综合,"基本功,古典舞,舞蹈教程",2026-09-25 21:39:46,26,26106,10,45,267,0.6,闪身步,220
闪身步,2026-09-25,BV1Fyh26mEDc,谁看了都得闪两下！“闪身步”突然走红网络，赵铁春老师本人复刻了,青蜂侠-Bee,328271007,日常,闪身步,2026-09-25 17:54:48,37,25982,3,14,14,0.6,闪身步,220
闪身步,2026-09-25,BV1xXh16WEyn,当我想用闪身步回家，但偏偏社恐加牛马,圈宁CeoxNim,382337524,日常,"闪身步,假期,学生时代,大学生,中秋,回家,国庆",2026-09-25 21:44:57,21,25873,2,35,66,0.6,闪身步,220
闪身步,2026-09-25,BV15ZaT6bEJj,纯爷们闪身步引体向上,周幼熙,3546868321618851,健身,"闪身步,高能量自律,健身打卡,精神氮泵,健身日常,搞笑日常,引体向上,健身,纯爷们,健身房",2026-09-25 12:00:00,18,23487,19,78,93,0.6,闪身步,220
闪身步,2026-09-25,BV1Euh26rE2P,【庄达菲】你知道闪身步吗？,栢恆要一直努力,675592826,日常,"影视剪辑,花絮,演员,庄达菲,环球,剪辑,明星,可爱",2026-09-25 20:56:47,16,22947,0,1,42,0.6,闪身步,220
闪身步,2026-09-25,BV16hac6XE7k,《闪身步》,跟着元元练舞啦,3461567215569541,舞蹈教程,"闪身步,舞蹈教程,教学",2026-09-25 18:00:00,12,18152,1,8,14,0.8,闪身步,220
闪身步,2026-09-25,BV1V5hy68E7G,“狗熊哆嗦毛”和“闪身步”火遍全网，闫妮杨迪叶童等明星模仿，视频播放量破亿,音娱Music123,1885802010,娱乐杂谈,"杨迪,模仿,娱乐观察局,闫妮",2026-09-25 17:12:08,82,12794,0,2,4,0.6,闪身步,220
闪身步,2026-09-25,BV1Fhag6yEby,闪身步视频播放量突破6亿，连狗子都在“跳”，医院紧急提醒：小心闪进医院！多人出现半月板撕裂,腾讯新闻,473495962,日常,健康科普,2026-09-25 10:16:57,28,12199,12,21,10,0.6,闪身步,220
闪身步,2026-09-25,BV17jhU6yEsy,hiphop版闪身步,沸沸hiphop,114315666,舞蹈教程,"闪身步,沸沸hiphop,Hip-Hop,街舞教学,街舞",2026-09-25 23:53:00,27,11962,0,14,41,0.6,闪身步,220
闪身步,2026-09-25,BV1v5aT6ZEWY,【南妹儿】现场学习闪身步，看得我手机潮潮的！,南妹儿的小燕子,95998593,日常,"闪身步,旭旭宝宝传媒,随手记录我的生活碎片,小姐姐,南妹儿,女神,搞笑,舞蹈",2026-09-25 01:10:45,84,10628,1,6,32,0.8,闪身步,220
闪身步,2026-09-26,BV1Unh96jEet,闪身步#匡欣雨羽毛球 #羽毛球核心发力 #智商高,匡欣雨,361121530,舞蹈综合,"羽毛球,体育,羽毛球教学",2026-09-26 12:15:57,35,516317,53,94,6062,0.6,闪身步,284
闪身步,2026-09-26,BV1L5h26MEFh,咕嘎练武，和咕嘎一起训练“闪身步”,咕咕嘎画,26595212,搞笑,"可爱,幼儿园咕嘎,闪身步,明日方舟终末地,咕咕嘎嘎",2026-09-26 10:05:00,28,436715,412,454,5023,0.6,闪身步,284
闪身步,2026-09-26,BV1vSh964EuJ,喜人版–闪身步,喜人陪祢看,3706959152810532,综艺,"闪身步,娱乐观察局,喜人,高能,搞笑",2026-09-26 20:00:17,158,223019,129,40,1335,0.6,闪身步,284
闪身步,2026-09-26,BV1TNhX6zEeA,闪身步是什么梗？【网梗指南】,网梗指南,662218156,搞笑,"梗,搞笑,舞蹈,猎奇,狗熊哆嗦毛,闪身步,奶蛙,咕咕嘎嘎,抽象,翻拍",2026-09-26 18:00:00,94,197888,141,247,383,0.6,闪身步,284
闪身步,2026-09-26,BV13YhD6rEK6,怪不得残缺的武功秘籍会练到走火入魔  #闪身步#狗熊哆嗦毛#,捕娱嗑学,3632312556194669,日常,"搞笑,狗熊哆嗦毛,闪身步,娱乐花式reaction,必剪创作,热梗",2026-09-26 10:52:11,46,185979,13,126,935,0.6,闪身步,284
闪身步,2026-09-26,BV1e4hE6xEGK,当我学会闪身步过二员时,upup三角洲行动,1133962723,影视剪辑,"闪身步,三角洲欢乐剧场,三角洲行动,嘉豪,三角洲",2026-09-26 18:00:00,73,150142,6,15,802,0.6,闪身步,284
闪身步,2026-09-26,BV1TmhR6mEQy,⚡跟唐僧学闪身步3.0⚡,西游群英荟号,513977468,日常,"闪身步,西游群英荟,整活,魔性,高能,名场面,西游记,唐僧,搞笑,抽象",2026-09-26 18:08:01,569,110548,573,73,381,0.8,闪身步,284
闪身步,2026-09-26,BV1BCh96hEAg,以防你没见过大傻椿闪身步,人间九月,14736833,日常,"娱乐,搞笑,鸣潮高校巡游季,鸣潮,沙雕",2026-09-26 20:15:49,14,91563,8,43,1391,0.6,闪身步,284
闪身步,2026-09-26,BV1YbhD65ErQ,本尊来了！“闪身步”原创赵铁春现身东北师范大学现场教学，咱也跳上了～（来源：@中国青年报）,长春日报社,3546695902169776,日常,"闪身步,长春",2026-09-26 11:11:08,14,76459,4,57,90,0.6,闪身步,284
闪身步,2026-09-26,BV1i8hR6FEFi,闪身步是什么梗？【梗学堂】,梗学堂,3494378341403426,搞笑,"狗熊哆嗦毛,大会员10周年,梗,电子竞技,舞蹈,闪身步,赵铁春,北舞老师,MOBA",2026-09-26 17:51:21,111,67167,7,7,316,0.6,闪身步,284
闪身步,2026-09-26,BV1pdhX6eEV8,闪身步+浪子踢球+狗熊哆嗦毛,不吃姜-Zzz,192413481,宅舞,绝区零克拉蕾二创,2026-09-26 13:22:00,32,54510,5,45,436,0.6,闪身步,284
闪身步,2026-09-26,BV1vXhd6AEeY,南传舞蹈学院师生挑战“闪身步”,南京传媒学院,322661302,日常,校园,2026-09-26 23:23:24,58,45331,22,96,56,0.6,闪身步,284
闪身步,2026-09-26,BV1xPhD6hEJD,根本没有这样的⚡闪身步⚡,嗨皮的小剪刀,39179263,鬼畜剧场,"恐龙,搞笑,鬼畜,狗熊哆嗦毛,闪身步,鬼畜星探企划,鬼畜剧场",2026-09-26 06:00:00,60,33091,26,64,181,0.8,闪身步,284
闪身步,2026-09-26,BV12uhR6CEBe,闪身步！,宫本绘,19936565,颜值·网红舞,"cosplay,cos,鸣潮,心月狐,御姐,性感,美女",2026-09-26 19:05:23,7,26786,4,29,2121,0.6,闪身步,284
闪身步,2026-09-26,BV1cAhd6qENz,【黄龄】闪身步GOGOGO,offer到手,25755656,音乐综合,"音乐小剧场,黄龄,抽象,跳舞,模仿,可爱,搞笑,歌手,音乐,舞蹈",2026-09-26 16:32:53,39,26066,47,49,31,0.8,闪身步,284
闪身步,2026-09-26,BV1tsh96yE1G,进来学闪身步⚡技多不压身           【bilibilionly同人扶持计划】,崔兔子_,211839481,宅舞,"搞笑,抽象舞蹈“疯”神榜,舞蹈,闪身步,RE0Bonly创作挑战,整活,蕾姆cos,Cosplay,RE0,抽象",2026-09-26 12:01:40,32,24616,187,79,507,0.8,闪身步,284
闪身步,2026-09-26,BV1T2hR6EEuN,影月月闪身步教学,鸭鸭的呆毛,1989524,网络游戏,"安徽花鼓灯的范例与实际运用,技巧,也是让我学会闪身步了,狗熊哆嗦毛,闪身步,浪子踢球,醉忆生声,教程攻略,滑步,连招",2026-09-26 18:27:49,52,19426,23,81,63,0.6,闪身步,284
闪身步,2026-09-26,BV1suhR6CE7k,李相夷想帅出怎样的闪身步！,米雪短剧,3546712912169201,影视剪辑,"影视剪辑,无畏契约手游一周年,浪浪钉,温客行",2026-09-26 19:03:56,80,18974,6,7,278,0.6,闪身步,284
闪身步,2026-09-27,BV1MChX6kEJC,“闪身步”原创赵铁春老师现场教学，咱也是跳上了～～,新华网,488055582,日常,"闪身步,赵铁春,政媒扶持计划",2026-09-27 09:00:00,35,229264,41,281,574,0.6,闪身步,308
闪身步,2026-09-27,BV1Xxaa6tEDG,闪身步,XTC-小项,3546670369344288,日常,闪身步,2026-09-27 22:46:13,93,160762,0,7,1949,0.6,闪身步,308
闪身步,2026-09-27,BV14Lah6LELz,闪身步,木易楊二创,295395188,搞笑,"闪身步,京城大师赛二创激励计划,耿许儿,京城大师赛,练武术,KS",2026-09-27 15:28:55,44,127294,17,42,178,0.6,闪身步,308
闪身步,2026-09-27,BV15ja86dERi,皮影巧习闪身步 误入山林走揍狗熊,泰山皮影小官方,3546858001532975,鬼畜剧场,"狗熊哆嗦毛,闪身步,把兴趣玩出名堂,俄式土嗨,非遗,皮影",2026-09-27 19:37:24,94,108874,150,107,1804,0.6,闪身步,308
闪身步,2026-09-27,BV1urhR6QEk8,闪身步的正确使用方法,小蒋睡不醒-_-见过从凌,179633313,日常,"蛋仔奇思妙想计划,蛋仔派对,cos",2026-09-27 11:30:00,33,94379,15,35,874,0.6,闪身步,308
闪身步,2026-09-27,BV1Zgaa6qEaB,“闪身步”是什么？引来全网模仿，魔性上头，每一位都跳出了不一样的感觉，看着看着真的忍不住,甜柚Yaa,479379720,明星综合,"搞笑小剧场,程潇,檀健次,张艺兴,模仿",2026-09-27 21:59:27,249,91055,73,57,345,0.6,闪身步,308
闪身步,2026-09-27,BV1doaa6KEsN,“旗袍闪身步”💃,紫颜-小仙紫,35579222,日常,"#千古情景区,#上海千古情,#千古情狂欢节,小视频,国庆",2026-09-27 20:14:34,44,88432,76,233,945,0.8,闪身步,308
闪身步,2026-09-27,BV1oXa86cEZb,用闪身步晃的四仰八叉,王白也阿,600974774,篮球,"运球,过人,篮球",2026-09-27 16:33:04,44,72627,18,47,85,0.6,闪身步,308
闪身步,2026-09-27,BV1XAah6WE5y,闪身步⚡️已严肃学习～,北宫翎,31955376,宅舞,"闪身步,也是让我学会闪身步了,甜妹,小姐姐,抽象,萌妹子,可爱,舞蹈",2026-09-27 17:12:16,34,61327,111,134,1965,0.6,闪身步,308
闪身步,2026-09-27,BV1Qcah6REZM,如果把闪身步实战运用到生活中，会发生什么呢,袁语晨同学b,3493264439118708,亲子,"万万没想到,搞笑视频,闪身步",2026-09-27 16:51:35,51,46653,7,6,462,0.6,闪身步,308
闪身步,2026-09-27,BV1Veab6sErU,小咪会唱歌和跳闪身步，可以给咪一个工作吗……,小咪橘座,3707063356099026,喵星人,"可爱,搞笑,喵星人,唱跳小咪,闪身步,此视频由AI爱生成,大学宿管,猫咪跳舞,小咪,可爱到爆炸",2026-09-27 12:29:14,69,46451,9,43,756,0.6,闪身步,308
闪身步,2026-09-27,BV18gaY64EXv,牛来闪身步教学,Al庇护所,8561263,搞笑,"幽默,也是让我学会闪身步了,闪身步,牛来,教程攻略,奇葩,技巧,功夫,搞笑,舞蹈",2026-09-27 20:39:25,44,46116,29,50,365,0.6,闪身步,308
闪身步,2026-09-27,BV1aXax6yEEE,冰之女皇闪身步,砰砰两枪枪,488932,同人·手书,"闪身步,原神至冬二创,冰之女皇,女皇",2026-09-27 09:25:57,25,37600,5,38,233,0.6,闪身步,308
闪身步,2026-09-27,BV1jJas6EEDX,(•̀へ •́ ╮ ) 闪身步！,思诺的手持麦,3423219,同人·手书,"闪身步,脑洞波,可爱,搞笑",2026-09-27 11:00:00,41,33657,16,176,218,0.6,闪身步,308
闪身步,2026-09-27,BV1BRaa6qEiS,【灰泽满Hazel】【四时小路Komichi】VR两大新人王闪身步教学,士多啤梨摄像机,383688960,鬼畜剧场,"虚拟偶像,四时小路Komichi,灰泽满Hazel,舞蹈,Virtuareal,vup,虚拟主播",2026-09-27 19:56:01,49,20366,32,68,184,0.6,闪身步,308
闪身步,2026-09-27,BV1wfab6MEWT,一群大聪明朋友排话剧，排着排着开始闪身步，惨遭导演嫌弃（没有你们熟悉的配音演员哈，不用认人了）,林簌SUSU,7223194,日常,小视频,2026-09-27 11:23:06,41,20325,7,63,93,0.8,闪身步,308
闪身步,2026-09-27,BV1oua868EbP,🔥闪身步+浪子踢球+狗熊哆嗦毛🔥 超全教程⚡️咪听说多做操对身体好⚡️,尹小喵,3493083515718327,动画综合,"三挡腿,主播闪耀计划,狗熊哆嗦毛,闪身步,浪子踢球,尹小喵,也是让我学会闪身步了,虚拟UP,虚拟主播,抽象",2026-09-27 18:30:51,35,19380,4,70,82,0.6,闪身步,308
闪身步,2026-09-27,BV1zSa86AETM,【艾热王以太】艾火的闪身步来啦！笑死了哥俩！,暮辞ibo,1381190559,日常,"搞笑,娱乐观察局,艾热,王以太",2026-09-27 18:04:22,31,14666,113,42,85,0.6,闪身步,308
闪身步,2026-09-27,BV1U4at6gEsQ,首场演出谢幕时，演员们即兴加了闪身步和狗熊哆嗦毛，观众反应超热烈！,四川大剧院,1192753962,国风舞蹈,"西湖传说白蛇,闪身步,中秋也要跳宅舞,杂技剧,舞台",2026-09-27 14:28:02,34,12609,2,5,6,0.8,闪身步,308
闪身步,2026-09-27,BV1Kkas6YEd4,多人版闪身步教学,鸭鸭的呆毛,1989524,网络游戏,"安徽花鼓灯的范例与实际运用,也是让我学会闪身步了,狗熊哆嗦毛,闪身步,技巧,浪子踢球,醉忆生声,教程攻略,滑步,连招",2026-09-27 03:51:18,68,12545,14,51,29,0.6,闪身步,308
闪身步,2026-09-27,BV1yjah6yEEz,菲比舞团《闪身步》！！,均子神大聪明,8208627,短片,"搞笑,舞蹈,闪身步,updream,鸣潮心月狐,鸣潮,糯糯,菲比",2026-09-27 17:30:00,19,12411,2,24,138,0.6,闪身步,308
闪身步,2026-09-27,BV16Uaa6rERG,【大东彦】jkuro闪身步来了，晃了整整60s！也折磨观众60s！,不会枪的lansir,179734458,电子竞技,"闪身步,电子竞技,FPS,搞笑,无畏契约上海全球冠军赛,DDY,VALORANT,大东彦,JDG,瓦",2026-09-27 21:22:25,106,11598,0,15,6,0.6,闪身步,308
